,social,finance,health,Label asli,Label prediksi,Prediksi benar
9234,0,0,2,1,1,True
11965,2,1,1,2,2,True
4530,2,1,2,1,1,True
11732,2,1,0,0,0,True
8441,1,1,0,0,0,True
11107,0,0,1,2,2,True
7272,0,0,2,2,1,False
12532,2,0,1,2,2,True
1057,2,1,1,1,2,False
1707,1,1,2,1,1,True
1817,1,1,0,0,0,True
8152,1,1,1,2,2,True
10081,0,0,1,2,2,True
11493,0,1,2,2,1,False
10460,0,0,0,0,0,True
12347,1,1,0,0,0,True
8591,2,0,0,0,0,True
2464,1,1,1,1,2,False
5532,1,0,2,1,1,True
3324,2,1,2,1,1,True
10380,2,1,2,1,1,True
11049,1,1,2,2,1,False
3659,2,0,0,0,0,True
9827,1,1,0,0,0,True
11528,1,0,0,0,0,True
4221,0,1,2,2,1,False
8551,0,0,1,2,2,True
6887,0,1,0,0,0,True
8875,0,0,1,1,2,False
7654,2,0,1,2,2,True
8696,0,0,0,0,0,True
9304,1,1,1,2,2,True
6297,1,1,2,1,1,True
2290,2,0,1,1,2,False
6400,0,1,1,2,2,True
332,1,0,0,0,0,True
3717,0,1,2,2,1,False
2381,2,0,0,0,0,True
7732,0,1,1,2,2,True
4412,0,0,0,0,0,True
443,0,1,0,0,0,True
4256,1,0,0,0,0,True
10386,0,0,2,1,1,True
2315,0,1,0,0,0,True
10643,2,0,0,0,0,True
2675,0,1,0,0,0,True
11902,2,0,1,2,2,True
4966,1,1,1,1,2,False
8401,2,1,1,2,2,True
11463,1,1,2,2,1,False
7847,1,1,0,0,0,True
5937,1,1,2,1,1,True
3672,0,0,2,1,1,True
8225,1,1,0,0,0,True
8266,2,0,1,2,2,True
788,2,1,0,0,0,True
11763,0,1,2,2,1,False
2886,1,0,2,1,1,True
3806,1,0,0,0,0,True
2812,2,0,1,1,2,False
3452,2,1,0,0,0,True
12882,2,1,2,2,1,False
9338,2,1,0,0,0,True
10886,2,1,0,0,0,True
1215,0,1,2,1,1,True
8095,2,1,1,2,2,True
12324,2,1,2,1,1,True
3261,2,0,2,1,1,True
7242,1,0,2,2,1,False
1474,1,1,1,1,2,False
1157,2,0,0,0,0,True
250,1,1,1,1,2,False
8237,0,1,0,0,0,True
2696,2,1,0,0,0,True
5443,1,0,1,1,2,False
12827,0,1,0,0,0,True
3847,2,1,1,2,2,True
10334,0,0,0,0,0,True
1789,1,0,1,1,2,False
4935,2,0,2,1,1,True
3532,2,0,1,2,2,True
2424,2,1,2,1,1,True
10625,2,0,0,0,0,True
283,2,1,1,1,2,False
2787,1,1,2,2,1,False
10447,1,0,1,2,2,True
12502,0,1,1,2,2,True
3890,0,0,0,0,0,True
1120,2,0,1,1,2,False
5005,0,0,1,1,2,False
8681,2,0,0,0,0,True
2546,1,0,0,0,0,True
5531,2,0,0,0,0,True
5971,2,1,1,1,2,False
2512,0,1,1,1,2,False
2516,2,1,0,0,0,True
2374,1,1,1,1,2,False
6882,1,0,2,2,1,False
4465,0,0,1,1,2,False
5487,1,1,2,1,1,True
4245,1,1,2,2,1,False
11363,2,0,0,0,0,True
6293,0,1,0,0,0,True
8887,2,1,1,1,2,False
3776,2,1,0,0,0,True
11684,0,0,0,0,0,True
3392,1,0,0,0,0,True
784,0,1,1,1,2,False
10268,1,0,0,0,0,True
5638,2,0,1,1,2,False
4053,2,0,2,1,1,True
8559,0,1,2,2,1,False
1144,0,1,1,1,2,False
10932,1,0,2,2,1,False
6177,2,0,2,1,1,True
11853,0,1,2,2,1,False
12900,2,1,2,2,1,False
11604,2,1,2,2,1,False
1507,2,1,1,1,2,False
10607,2,0,0,0,0,True
12597,1,1,2,2,1,False
2878,1,1,1,1,2,False
9532,0,1,1,1,2,False
3404,0,0,0,0,0,True
2645,1,1,0,0,0,True
4309,1,0,1,2,2,True
10688,2,1,0,0,0,True
1106,1,0,0,0,0,True
7717,2,1,1,2,2,True
5275,0,0,1,1,2,False
429,1,1,2,1,1,True
3915,0,1,2,1,1,True
1479,2,0,2,1,1,True
2979,0,1,2,1,1,True
3215,0,1,0,0,0,True
6105,2,0,2,1,1,True
8078,2,1,0,0,0,True
11421,0,1,2,2,1,False
1598,2,1,0,0,0,True
8858,0,0,0,0,0,True
197,1,1,0,0,0,True
9529,1,0,1,1,2,False
8390,0,0,0,0,0,True
4313,0,1,0,0,0,True
8130,2,1,2,2,1,False
6101,1,1,0,0,0,True
12518,1,0,0,0,0,True
5464,0,1,1,1,2,False
8595,0,1,2,2,1,False
3011,2,0,0,0,0,True
11584,0,1,1,2,2,True
10084,2,0,1,2,2,True
3406,2,0,1,1,2,False
2949,1,1,2,2,1,False
1381,2,1,1,1,2,False
11037,2,0,2,2,1,False
5655,2,0,2,1,1,True
2603,0,1,0,0,0,True
3905,1,1,0,0,0,True
8378,1,0,0,0,0,True
932,2,1,0,0,0,True
10173,2,0,2,1,1,True
12568,2,0,1,2,2,True
9040,2,0,1,2,2,True
6483,2,0,2,1,1,True
4427,1,1,0,0,0,True
8523,0,1,2,2,1,False
7327,0,0,1,2,2,True
9414,0,0,2,1,1,True
6351,1,1,2,1,1,True
2255,2,0,0,0,0,True
983,0,1,0,0,0,True
1989,0,1,2,1,1,True
1702,0,1,1,1,2,False
12559,2,1,1,2,2,True
7647,1,1,2,2,1,False
12789,0,1,2,2,1,False
2734,1,1,1,2,2,True
5934,2,1,2,1,1,True
11742,1,0,2,2,1,False
7178,2,1,0,0,0,True
6707,0,1,0,0,0,True
6426,0,0,2,1,1,True
3231,0,1,2,1,1,True
574,1,1,1,1,2,False
10585,0,0,1,2,2,True
2275,1,0,1,1,2,False
9782,1,0,0,0,0,True
12005,1,1,0,0,0,True
8599,2,1,1,2,2,True
6475,2,1,1,2,2,True
8868,2,1,2,1,1,True
8245,0,0,1,2,2,True
5395,2,1,1,1,2,False
1493,1,1,0,0,0,True
11834,1,0,0,0,0,True
5843,0,1,0,0,0,True
3268,0,1,1,2,2,True
9153,0,1,2,1,1,True
8970,1,0,2,1,1,True
9577,0,0,1,1,2,False
4636,0,1,1,1,2,False
6143,2,0,0,0,0,True
7448,2,1,0,0,0,True
1445,2,0,0,0,0,True
4458,2,1,2,1,1,True
6641,1,1,0,0,0,True
5499,0,1,2,1,1,True
7512,1,0,2,2,1,False
11550,2,1,2,2,1,False
6166,0,1,1,2,2,True
10973,0,1,0,0,0,True
10612,0,1,1,2,2,True
9901,0,0,1,2,2,True
8654,2,1,0,0,0,True
10764,0,0,2,2,1,False
1610,1,0,0,0,0,True
8813,0,1,0,0,0,True
7854,1,0,2,2,1,False
9355,2,1,1,2,2,True
9051,1,1,2,2,1,False
9983,0,1,0,0,0,True
4631,2,0,0,0,0,True
2952,0,0,2,1,1,True
65,0,1,0,0,0,True
9204,1,0,2,2,1,False
1900,0,1,1,1,2,False
8304,1,0,2,2,1,False
8828,1,0,0,0,0,True
2590,1,1,1,1,2,False
6532,1,1,1,2,2,True
11923,1,0,1,2,2,True
12484,0,1,1,2,2,True
684,0,0,2,1,1,True
1553,2,0,0,0,0,True
2071,0,0,1,1,2,False
11611,0,0,1,2,2,True
3166,1,1,1,2,2,True
9863,1,1,0,0,0,True
2184,1,0,2,1,1,True
3878,1,0,0,0,0,True
9169,1,0,1,2,2,True
3080,0,0,0,0,0,True
10771,1,0,1,2,2,True
10741,2,1,1,2,2,True
7080,1,0,2,2,1,False
12635,1,1,0,0,0,True
4709,0,1,0,0,0,True
10181,0,1,0,0,0,True
5131,0,0,1,1,2,False
9186,1,0,2,1,1,True
10821,2,0,2,1,1,True
6497,1,1,0,0,0,True
3402,0,0,2,1,1,True
8343,0,1,2,2,1,False
6605,1,1,0,0,0,True
4996,0,1,1,1,2,False
715,2,1,1,1,2,False
4040,1,0,0,0,0,True
9631,0,0,1,2,2,True
3341,0,1,0,0,0,True
4146,1,0,2,2,1,False
3635,1,1,0,0,0,True
8578,0,1,1,2,2,True
1252,0,1,1,1,2,False
7291,0,0,1,2,2,True
6518,0,0,0,0,0,True
4589,1,1,0,0,0,True
8600,2,1,0,0,0,True
4949,1,1,0,0,0,True
7220,0,0,0,0,0,True
10953,0,1,2,2,1,False
6512,2,1,0,0,0,True
7405,1,0,1,2,2,True
8545,2,1,1,2,2,True
401,2,0,0,0,0,True
8864,1,0,0,0,0,True
9114,1,0,2,2,1,False
1821,2,0,2,1,1,True
10494,0,0,2,2,1,False
12651,1,1,2,2,1,False
6938,1,0,0,0,0,True
5077,0,0,1,1,2,False
8671,2,1,1,1,2,False
9176,2,1,0,0,0,True
5240,0,0,0,0,0,True
173,0,1,0,0,0,True
1311,1,1,2,1,1,True
7622,1,0,0,0,0,True
11539,0,0,1,2,2,True
5982,1,0,2,1,1,True
8752,2,0,1,1,2,False
7214,2,1,0,0,0,True
2555,1,1,0,0,0,True
1449,0,1,2,1,1,True
227,0,1,0,0,0,True
2273,2,0,0,0,0,True
7099,1,0,1,2,2,True
287,1,1,0,0,0,True
6011,1,1,0,0,0,True
2814,1,0,2,1,1,True
3706,1,1,1,2,2,True
11720,0,0,0,0,0,True
5979,2,0,2,1,1,True
7944,1,0,2,2,1,False
644,2,1,0,0,0,True
881,1,1,0,0,0,True
10408,2,0,1,2,2,True
808,1,1,1,1,2,False
423,0,1,2,1,1,True
5301,0,1,2,1,1,True
9073,0,0,1,1,2,False
5764,2,0,1,1,2,False
10366,1,1,1,2,2,True
1034,1,0,0,0,0,True
8818,1,1,1,2,2,True
8501,2,0,0,0,0,True
4289,2,0,0,0,0,True
12769,1,0,1,2,2,True
12139,1,0,1,2,2,True
1619,1,1,0,0,0,True
10994,2,1,0,0,0,True
7969,2,1,1,2,2,True
10205,1,1,0,0,0,True
12633,1,1,2,2,1,False
4117,2,1,1,2,2,True
7047,0,1,2,2,1,False
7177,2,1,1,2,2,True
11540,0,0,0,0,0,True
9210,2,1,2,1,1,True
12479,2,0,0,0,0,True
7480,0,1,1,2,2,True
335,0,1,0,0,0,True
4161,2,0,2,1,1,True
9556,1,1,1,1,2,False
1229,2,0,0,0,0,True
6202,0,1,1,2,2,True
5855,2,0,0,0,0,True
10374,1,0,2,1,1,True
6659,1,1,0,0,0,True
3815,1,1,0,0,0,True
9605,0,1,0,0,0,True
10935,0,1,2,2,1,False
1611,0,1,2,1,1,True
7089,1,1,2,2,1,False
6880,2,0,1,2,2,True
1285,1,0,1,1,2,False
9831,2,0,2,1,1,True
1357,1,0,1,1,2,False
1876,2,0,1,1,2,False
7554,2,1,2,2,1,False
6489,0,1,2,1,1,True
4909,2,1,1,1,2,False
6270,1,0,2,1,1,True
8662,2,0,1,1,2,False
5746,2,0,1,1,2,False
11034,0,0,2,2,1,False
5476,2,0,1,1,2,False
3198,2,1,2,1,1,True
12215,0,1,0,0,0,True
11991,2,0,2,1,1,True
4582,0,1,1,1,2,False
7151,2,0,0,0,0,True
9132,1,0,2,1,1,True
3379,2,1,1,2,2,True
4224,2,1,2,2,1,False
8667,0,1,2,1,1,True
12800,0,0,0,0,0,True
4979,0,1,0,0,0,True
9050,2,1,0,0,0,True
6031,0,0,1,1,2,False
4989,2,0,2,1,1,True
4774,2,0,1,1,2,False
157,2,1,1,1,2,False
7620,1,0,2,2,1,False
7132,2,0,1,2,2,True
2827,0,0,1,1,2,False
61,1,0,1,1,2,False
4108,2,0,1,2,2,True
103,2,1,1,1,2,False
504,0,0,2,1,1,True
3130,1,1,1,2,2,True
11596,2,0,1,2,2,True
4470,1,0,2,1,1,True
5600,0,0,0,0,0,True
6108,1,0,2,1,1,True
4812,1,0,2,1,1,True
8678,0,0,0,0,0,True
9620,1,0,0,0,0,True
10773,0,1,2,2,1,False
404,1,0,0,0,0,True
12110,2,1,0,0,0,True
11,0,1,0,0,0,True
1096,1,1,1,1,2,False
12282,1,0,2,2,1,False
1482,1,0,2,1,1,True
5789,0,1,0,0,0,True
8983,0,0,1,2,2,True
9301,2,1,1,2,2,True
5936,2,1,0,0,0,True
353,0,1,0,0,0,True
4297,2,1,1,2,2,True
6093,0,1,2,1,1,True
4423,2,1,1,1,2,False
9609,1,1,2,2,1,False
9019,0,0,1,1,2,False
12638,0,0,0,0,0,True
3182,2,1,0,0,0,True
12480,1,0,2,2,1,False
8860,2,0,1,1,2,False
2774,0,0,0,0,0,True
7483,2,1,1,2,2,True
1768,2,0,1,1,2,False
10781,1,1,0,0,0,True
1835,1,1,0,0,0,True
3314,0,0,0,0,0,True
11872,0,1,1,2,2,True
6962,2,1,0,0,0,True
4409,1,1,0,0,0,True
12864,2,1,2,2,1,False
6491,0,1,0,0,0,True
9521,1,1,0,0,0,True
3602,0,0,0,0,0,True
9128,0,0,0,0,0,True
4581,0,1,2,1,1,True
10595,0,1,0,0,0,True
3844,0,1,1,2,2,True
2682,0,0,2,1,1,True
3117,2,0,2,1,1,True
135,0,1,2,1,1,True
3046,2,0,1,1,2,False
8555,2,0,0,0,0,True
8275,2,1,1,2,2,True
2752,1,1,1,2,2,True
9783,0,1,2,1,1,True
7795,0,0,1,2,2,True
2225,0,1,0,0,0,True
9034,1,1,1,2,2,True
12724,1,1,1,2,2,True
8296,1,1,1,2,2,True
9151,1,0,1,2,2,True
7835,2,0,0,0,0,True
9888,1,0,2,1,1,True
4453,1,0,1,1,2,False
595,0,0,1,1,2,False
11503,0,0,1,2,2,True
9384,1,0,2,2,1,False
2344,2,0,1,1,2,False
10866,2,1,2,2,1,False
5134,2,0,1,1,2,False
9095,2,0,0,0,0,True
8664,1,0,2,1,1,True
3799,0,0,1,2,2,True
481,2,1,1,1,2,False
2818,0,1,1,1,2,False
4275,0,1,2,2,1,False
9630,0,0,2,1,1,True
1267,1,0,1,1,2,False
1470,2,1,2,1,1,True
8076,2,1,2,1,1,True
8867,0,1,0,0,0,True
11335,2,1,1,2,2,True
10336,2,0,1,2,2,True
6240,2,1,2,1,1,True
5350,2,0,1,1,2,False
12271,2,1,1,2,2,True
9527,2,0,0,0,0,True
5964,1,0,2,1,1,True
3141,0,1,2,1,1,True
9482,2,1,0,0,0,True
10745,1,1,0,0,0,True
10437,1,1,2,2,1,False
6201,0,1,2,1,1,True
10981,0,0,1,2,2,True
10445,2,0,0,0,0,True
4858,1,1,1,1,2,False
4731,1,1,2,1,1,True
10814,2,1,0,0,0,True
2347,1,0,1,1,2,False
8144,1,0,0,0,0,True
11677,2,1,1,2,2,True
121,2,1,1,1,2,False
8852,2,1,0,0,0,True
7261,1,0,1,2,2,True
12127,2,1,1,2,2,True
2809,0,0,1,1,2,False
11733,1,1,2,2,1,False
2407,2,1,1,1,2,False
4210,1,1,1,2,2,True
11844,0,0,2,2,1,False
8530,1,1,1,2,2,True
3542,2,1,0,0,0,True
346,2,0,1,1,2,False
2012,2,1,0,0,0,True
11215,0,0,1,2,2,True
6748,1,1,1,2,2,True
1060,1,1,1,1,2,False
5506,1,1,1,1,2,False
3666,2,1,2,2,1,False
124,1,1,1,1,2,False
8049,2,0,2,1,1,True
10724,2,1,0,0,0,True
2871,0,1,2,1,1,True
4071,2,0,2,2,1,False
5124,2,1,2,1,1,True
3503,0,1,0,0,0,True
3760,1,1,1,2,2,True
11867,2,0,0,0,0,True
487,0,0,1,1,2,False
7640,1,0,0,0,0,True
1539,0,1,2,1,1,True
11957,2,0,0,0,0,True
11033,1,1,0,0,0,True
5100,1,0,2,1,1,True
9995,2,0,0,0,0,True
12452,2,1,0,0,0,True
8141,2,0,0,0,0,True
12459,2,0,2,2,1,False
4940,1,0,0,0,0,True
125,1,1,0,0,0,True
4650,1,0,2,1,1,True
4051,0,0,1,2,2,True
6892,1,1,1,2,2,True
1899,0,1,2,1,1,True
4298,2,1,0,0,0,True
7369,1,0,1,2,2,True
10217,0,1,0,0,0,True
6538,2,0,1,1,2,False
4610,0,0,0,0,0,True
904,2,0,1,1,2,False
7059,2,0,2,2,1,False
6664,2,0,1,2,2,True
3059,1,1,0,0,0,True
43,1,0,1,1,2,False
10584,0,0,2,1,1,True
10686,2,1,2,2,1,False
10487,0,1,0,0,0,True
8059,2,1,1,2,2,True
10155,2,0,2,1,1,True
10530,0,0,2,1,1,True
1874,0,0,0,0,0,True
2131,1,0,1,1,2,False
3125,0,1,0,0,0,True
12326,2,1,0,0,0,True
4932,0,0,2,1,1,True
9287,1,1,0,0,0,True
4044,2,1,2,2,1,False
5877,0,1,2,1,1,True
8579,0,1,0,0,0,True
9545,2,0,0,0,0,True
7938,0,0,2,1,1,True
3854,0,0,0,0,0,True
3005,1,1,0,0,0,True
1402,1,1,1,1,2,False
2669,2,0,0,0,0,True
5592,2,1,2,1,1,True
12254,2,1,0,0,0,True
3420,0,0,2,1,1,True
5154,1,0,2,1,1,True
4201,1,0,1,2,2,True
9308,0,0,0,0,0,True
1969,1,0,1,1,2,False
4972,2,0,1,1,2,False
4142,0,0,0,0,0,True
7799,2,0,0,0,0,True
5687,1,1,0,0,0,True
11467,0,0,1,2,2,True
4294,0,1,1,2,2,True
10201,2,1,1,2,2,True
12359,0,1,0,0,0,True
12554,1,0,0,0,0,True
11903,2,0,0,0,0,True
5885,1,1,0,0,0,True
9246,2,1,2,1,1,True
8359,1,0,1,2,2,True
6793,1,0,1,2,2,True
4241,0,1,0,0,0,True
6822,0,0,2,1,1,True
917,1,1,0,0,0,True
3211,1,0,1,2,2,True
7862,2,1,0,0,0,True
11177,1,1,0,0,0,True
1085,2,0,0,0,0,True
7742,0,0,0,0,0,True
9757,0,0,1,2,2,True
1397,0,1,0,0,0,True
10420,1,1,1,2,2,True
4510,0,1,1,1,2,False
8140,2,0,1,2,2,True
253,0,0,1,1,2,False
7238,0,0,0,0,0,True
9368,1,0,0,0,0,True
12380,2,1,0,0,0,True
8919,0,1,2,1,1,True
8341,1,0,1,2,2,True
511,1,0,1,1,2,False
7433,1,1,0,0,0,True
815,2,0,0,0,0,True
4251,2,0,2,2,1,False
375,1,1,2,1,1,True
7637,2,0,0,0,0,True
2111,2,0,0,0,0,True
10978,1,1,1,2,2,True
12508,1,1,1,2,2,True
5442,1,0,2,1,1,True
3683,0,1,0,0,0,True
3744,0,0,2,1,1,True
5436,0,0,2,1,1,True
11706,1,0,2,2,1,False
1628,1,0,0,0,0,True
4688,1,0,0,0,0,True
5837,2,0,0,0,0,True
3690,0,0,2,1,1,True
2110,2,0,1,1,2,False
7065,0,1,2,2,1,False
2671,1,0,1,1,2,False
3016,0,1,1,2,2,True
3153,2,0,2,1,1,True
1922,2,1,0,0,0,True
90,0,0,2,1,1,True
7733,0,1,0,0,0,True
509,2,0,0,0,0,True
7665,1,1,2,2,1,False
9856,0,1,1,2,2,True
709,1,0,1,1,2,False
1222,1,1,1,1,2,False
6969,2,0,2,1,1,True
11345,2,0,0,0,0,True
12449,0,1,0,0,0,True
1581,1,1,2,1,1,True
10185,1,1,2,2,1,False
3850,1,1,1,2,2,True
8587,0,0,1,2,2,True
5125,2,1,1,1,2,False
12263,2,0,0,0,0,True
8938,0,1,1,1,2,False
12203,1,1,0,0,0,True
10329,1,1,2,2,1,False
11672,1,0,0,0,0,True
1646,1,0,0,0,0,True
7400,0,0,0,0,0,True
8968,2,0,1,1,2,False
5822,1,0,0,0,0,True
7116,1,0,2,2,1,False
4327,1,0,1,1,2,False
4186,0,1,1,2,2,True
4407,1,1,2,1,1,True
10998,0,0,2,2,1,False
4569,1,1,2,1,1,True
4958,1,0,0,0,0,True
2741,2,0,0,0,0,True
9597,2,0,2,1,1,True
123,1,1,2,1,1,True
8597,0,1,0,0,0,True
7388,1,0,0,0,0,True
11881,0,0,1,2,2,True
9872,1,0,0,0,0,True
1025,1,1,0,0,0,True
9191,0,1,0,0,0,True
3098,0,0,0,0,0,True
7842,2,1,2,1,1,True
8404,1,1,1,2,2,True
12289,2,1,1,2,2,True
10923,1,1,2,2,1,False
6213,2,0,2,1,1,True
5441,2,0,0,0,0,True
10803,2,0,2,1,1,True
3551,2,0,0,0,0,True
2419,1,0,1,1,2,False
11673,0,1,2,1,1,True
805,2,1,1,1,2,False
589,2,1,1,1,2,False
10705,2,1,1,2,2,True
3570,1,0,2,2,1,False
10028,0,0,0,0,0,True
6950,0,0,0,0,0,True
4538,0,0,0,0,0,True
5576,2,1,0,0,0,True
4246,1,1,1,2,2,True
10435,2,1,1,2,2,True
25,1,0,1,1,2,False
8612,1,0,0,0,0,True
11308,2,0,1,2,2,True
9639,0,1,2,1,1,True
11911,2,1,1,2,2,True
7502,2,1,0,0,0,True
5081,2,0,0,0,0,True
11901,2,0,2,2,1,False
1756,0,1,1,1,2,False
1855,0,0,1,1,2,False
11387,0,1,0,0,0,True
6791,2,0,0,0,0,True
363,2,0,2,1,1,True
6285,2,0,2,1,1,True
9947,0,1,0,0,0,True
1528,1,1,1,1,2,False
4600,0,1,1,1,2,False
1193,2,0,0,0,0,True
12947,2,0,0,0,0,True
12088,0,1,1,2,2,True
10287,0,1,2,1,1,True
4408,1,1,1,1,2,False
6039,0,1,2,1,1,True
2241,0,1,2,1,1,True
5931,0,1,2,1,1,True
3329,1,1,0,0,0,True
4193,1,1,0,0,0,True
303,1,1,2,1,1,True
5869,0,0,1,1,2,False
10989,0,1,2,2,1,False
829,0,0,1,1,2,False
3146,2,1,0,0,0,True
5067,0,1,2,1,1,True
2720,0,0,0,0,0,True
3774,2,1,2,2,1,False
2615,2,0,0,0,0,True
527,2,0,0,0,0,True
12381,1,1,2,2,1,False
3486,2,1,2,1,1,True
3082,2,0,1,1,2,False
5905,0,0,1,1,2,False
2811,2,0,2,1,1,True
6069,2,0,2,1,1,True
7054,1,1,1,2,2,True
1736,1,0,0,0,0,True
12733,1,0,1,2,2,True
2159,1,1,0,0,0,True
812,0,0,0,0,0,True
3318,1,0,2,2,1,False
5320,0,1,1,1,2,False
12917,0,1,0,0,0,True
2203,1,0,1,1,2,False
2521,0,0,1,1,2,False
10829,0,1,0,0,0,True
3161,0,1,0,0,0,True
11574,0,0,2,2,1,False
10141,1,0,1,2,2,True
838,0,1,1,1,2,False
2448,0,0,2,1,1,True
8467,1,0,1,2,2,True
7694,1,0,0,0,0,True
4980,2,1,2,1,1,True
4577,2,0,0,0,0,True
9500,2,1,0,0,0,True
10481,2,0,0,0,0,True
3645,0,1,2,2,1,False
9780,1,0,2,1,1,True
10192,2,0,1,2,2,True
2243,0,1,0,0,0,True
1335,2,0,2,1,1,True
5682,2,1,2,1,1,True
4633,1,0,1,1,2,False
8249,2,0,0,0,0,True
12065,2,0,0,0,0,True
2732,2,1,0,0,0,True
1761,1,1,2,1,1,True
8647,1,0,1,1,2,False
9470,0,0,0,0,0,True
8535,2,0,2,1,1,True
8270,1,0,0,0,0,True
970,1,1,1,1,2,False
12832,1,1,1,2,2,True
7701,1,1,2,2,1,False
3856,2,0,1,2,2,True
6302,0,0,0,0,0,True
3757,2,1,1,2,2,True
117,0,1,2,1,1,True
4020,1,0,2,2,1,False
3833,1,1,0,0,0,True
11021,2,0,0,0,0,True
12259,0,0,1,2,2,True
3179,0,1,0,0,0,True
3567,2,0,2,1,1,True
7025,2,0,0,0,0,True
12811,2,1,1,2,2,True
77,2,0,0,0,0,True
2829,2,0,2,1,1,True
5888,0,0,0,0,0,True
4419,0,1,2,1,1,True
10219,2,1,1,2,2,True
12581,1,1,0,0,0,True
3591,0,1,2,2,1,False
4862,0,0,0,0,0,True
3191,2,0,0,0,0,True
4928,2,1,0,0,0,True
8749,0,0,1,1,2,False
10411,1,0,1,2,2,True
1102,2,0,1,1,2,False
10937,0,1,0,0,0,True
8138,0,0,0,0,0,True
2672,1,0,0,0,0,True
5043,2,0,2,1,1,True
5985,0,1,2,1,1,True
2662,1,1,1,1,2,False
5142,2,1,2,1,1,True
12080,0,0,0,0,0,True
1763,1,1,0,0,0,True
9593,1,1,0,0,0,True
12918,2,1,2,2,1,False
11637,0,1,2,2,1,False
2036,0,0,0,0,0,True
10301,2,0,0,0,0,True
5045,2,0,0,0,0,True
8308,0,1,1,2,2,True
8510,2,1,0,0,0,True
6394,2,0,1,2,2,True
7976,0,0,0,0,0,True
3951,0,1,2,2,1,False
8753,2,0,0,0,0,True
8546,2,1,0,0,0,True
7350,1,0,2,2,1,False
10613,0,1,0,0,0,True
3725,1,1,0,0,0,True
10663,1,0,1,2,2,True
417,2,0,2,1,1,True
8617,2,1,1,2,2,True
6435,0,1,2,1,1,True
4437,0,1,2,1,1,True
4353,1,1,2,1,1,True
5851,0,0,1,1,2,False
7668,0,0,2,1,1,True
6553,0,0,1,2,2,True
11097,0,1,2,2,1,False
8744,2,1,0,0,0,True
11649,2,0,2,2,1,False
673,1,0,1,1,2,False
9741,2,0,2,1,1,True
9324,0,0,2,1,1,True
1884,2,1,2,1,1,True
2564,1,0,0,0,0,True
2316,2,1,2,1,1,True
5927,2,0,0,0,0,True
3609,0,1,2,2,1,False
6616,0,1,1,2,2,True
7035,1,1,2,2,1,False
11008,0,1,1,2,2,True
10222,1,1,1,2,2,True
12854,0,0,0,0,0,True
6794,1,0,0,0,0,True
9614,0,0,0,0,0,True
6567,1,1,2,2,1,False
671,2,0,0,0,0,True
3172,2,0,1,2,2,True
1585,0,0,1,1,2,False
8760,2,1,2,1,1,True
12431,0,1,0,0,0,True
3298,2,0,1,1,2,False
6076,0,1,1,1,2,False
8202,2,1,2,2,1,False
7914,2,1,2,2,1,False
5651,1,1,0,0,0,True
5331,2,0,2,1,1,True
11719,0,0,1,2,2,True
9078,1,0,2,1,1,True
1842,1,0,2,1,1,True
2222,1,0,0,0,0,True
8669,0,1,0,0,0,True
10227,2,0,2,1,1,True
8305,1,0,1,2,2,True
9005,2,0,0,0,0,True
3577,2,1,1,2,2,True
4564,0,1,1,1,2,False
1276,1,1,1,1,2,False
12444,1,0,2,2,1,False
12118,2,0,1,2,2,True
1642,2,0,1,1,2,False
9695,0,1,0,0,0,True
10727,1,1,0,0,0,True
4897,0,0,1,1,2,False
1949,2,0,0,0,0,True
7510,2,0,1,2,2,True
1331,1,1,0,0,0,True
141,1,1,2,1,1,True
12051,0,1,2,2,1,False
3982,2,0,1,2,2,True
5704,1,1,1,1,2,False
1325,0,1,0,0,0,True
1139,2,0,0,0,0,True
12856,2,0,1,2,2,True
9743,2,0,0,0,0,True
4583,0,1,0,0,0,True
11721,2,0,2,1,1,True
5924,0,0,0,0,0,True
1711,0,0,1,1,2,False
4110,1,0,2,2,1,False
7170,1,0,2,2,1,False
1069,1,0,1,1,2,False
2193,1,1,2,1,1,True
8075,0,1,0,0,0,True
12257,1,1,0,0,0,True
7693,1,0,1,2,2,True
8871,1,1,2,1,1,True
7370,1,0,0,0,0,True
9648,0,0,2,1,1,True
12958,1,1,1,2,2,True
2373,1,1,2,1,1,True
5967,0,1,2,1,1,True
10243,0,0,1,2,2,True
4390,1,1,1,1,2,False
9263,0,1,0,0,0,True
1015,1,0,1,1,2,False
5517,0,1,2,1,1,True
6564,2,1,2,1,1,True
2813,2,0,0,0,0,True
8127,0,1,2,2,1,False
3882,2,1,2,2,1,False
2725,1,0,1,2,2,True
5677,1,0,1,1,2,False
6628,2,0,1,2,2,True
3056,2,1,0,0,0,True
8713,0,0,1,1,2,False
5902,1,1,1,1,2,False
4642,1,1,1,1,2,False
1450,0,1,1,1,2,False
3988,0,1,1,2,2,True
4112,1,0,0,0,0,True
7164,0,0,2,2,1,False
7561,0,0,1,2,2,True
8817,1,1,2,2,1,False
8580,2,1,2,2,1,False
11254,2,0,1,2,2,True
9305,1,1,0,0,0,True
8032,2,0,1,2,2,True
11294,1,0,0,0,0,True
476,1,0,0,0,0,True
612,0,0,2,1,1,True
2573,1,1,0,0,0,True
9187,1,0,1,1,2,False
9671,2,0,0,0,0,True
542,0,0,0,0,0,True
5070,2,1,2,1,1,True
4964,2,1,0,0,0,True
6263,1,1,0,0,0,True
1951,1,0,1,1,2,False
8192,0,0,0,0,0,True
11556,0,0,2,1,1,True
11486,0,0,0,0,0,True
10023,1,1,2,2,1,False
2589,1,1,2,1,1,True
3038,2,1,0,0,0,True
522,0,0,2,1,1,True
10302,1,0,2,2,1,False
12278,0,0,0,0,0,True
4963,2,1,1,1,2,False
11779,1,0,1,2,2,True
7260,1,0,2,2,1,False
6482,0,0,0,0,0,True
12255,1,1,2,2,1,False
3328,1,1,1,2,2,True
6677,1,1,0,0,0,True
11605,2,1,1,2,2,True
12844,0,1,1,2,2,True
2685,2,0,2,1,1,True
12063,2,0,2,2,1,False
11359,0,0,1,2,2,True
8131,2,1,1,2,2,True
88,1,1,1,1,2,False
6447,2,0,2,1,1,True
5104,0,1,1,1,2,False
1288,0,1,1,1,2,False
11647,0,0,1,2,2,True
1559,0,1,0,0,0,True
201,2,0,2,1,1,True
4854,2,1,2,1,1,True
2633,2,0,0,0,0,True
10502,1,0,0,0,0,True
5955,1,1,2,1,1,True
11808,0,0,2,2,1,False
8369,1,1,0,0,0,True
7295,2,0,0,0,0,True
3553,1,0,1,2,2,True
12916,0,1,1,2,2,True
4019,2,0,0,0,0,True
3523,2,1,1,2,2,True
3998,0,0,0,0,0,True
5474,0,0,0,0,0,True
9309,2,0,2,1,1,True
280,0,1,1,1,2,False
1744,1,1,1,1,2,False
1475,1,1,0,0,0,True
3693,2,0,2,1,1,True
11440,0,1,1,2,2,True
1660,2,0,1,1,2,False
7881,1,1,2,2,1,False
1925,1,1,0,0,0,True
1694,0,0,0,0,0,True
2650,2,0,1,1,2,False
2335,2,1,1,1,2,False
3512,0,0,0,0,0,True
3877,1,0,1,2,2,True
6100,1,1,1,1,2,False
735,1,1,2,1,1,True
12723,1,1,2,2,1,False
1184,2,1,0,0,0,True
12696,1,0,2,2,1,False
7498,0,1,1,2,2,True
6065,1,1,0,0,0,True
1924,1,1,1,1,2,False
8215,1,0,1,2,2,True
4139,1,1,0,0,0,True
9087,1,1,2,1,1,True
9320,2,1,0,0,0,True
11893,2,1,1,2,2,True
10492,1,1,1,2,2,True
7584,1,0,2,2,1,False
9459,0,1,2,1,1,True
515,0,1,0,0,0,True
2402,1,0,0,0,0,True
3497,2,0,0,0,0,True
9070,1,1,1,2,2,True
2882,0,0,0,0,0,True
10282,2,0,1,2,2,True
8434,0,1,1,2,2,True
6555,2,0,2,1,1,True
7788,2,1,2,1,1,True
10920,2,1,2,2,1,False
19,0,0,1,1,2,False
6744,2,1,2,1,1,True
6941,0,1,0,0,0,True
7780,2,0,1,1,2,False
6935,2,0,0,0,0,True
883,0,0,1,1,2,False
12417,1,1,2,2,1,False
7493,2,0,0,0,0,True
12694,2,0,1,2,2,True
4719,2,0,2,1,1,True
6328,0,1,1,1,2,False
2883,2,0,2,1,1,True
11064,2,1,2,2,1,False
7308,0,0,2,2,1,False
5028,1,0,2,1,1,True
4943,0,1,0,0,0,True
4208,2,1,0,0,0,True
10110,2,1,2,1,1,True
4575,2,0,2,1,1,True
136,0,1,1,1,2,False
7155,0,1,2,1,1,True
4567,2,1,1,1,2,False
7658,1,0,0,0,0,True
9445,2,1,1,2,2,True
6642,0,0,2,1,1,True
11838,2,1,2,2,1,False
11261,0,1,0,0,0,True
9674,1,0,0,0,0,True
245,0,1,0,0,0,True
11062,0,1,1,2,2,True
6415,1,0,1,2,2,True
10104,1,0,2,1,1,True
5522,2,1,0,0,0,True
10910,0,0,0,0,0,True
10962,0,0,2,1,1,True
3970,0,1,1,2,2,True
11449,0,0,1,2,2,True
9215,1,1,0,0,0,True
5032,0,1,1,1,2,False
7840,0,1,1,2,2,True
10999,0,0,1,2,2,True
4976,1,0,0,0,0,True
800,1,0,0,0,0,True
7368,1,0,2,2,1,False
10762,1,1,1,2,2,True
7603,1,0,1,2,2,True
8604,0,0,2,2,1,False
9519,1,1,2,1,1,True
9472,2,0,1,2,2,True
2817,0,1,2,1,1,True
10931,2,0,0,0,0,True
1778,2,1,0,0,0,True
11519,1,1,0,0,0,True
41,2,0,0,0,0,True
12199,2,1,1,2,2,True
10476,0,0,2,1,1,True
9993,2,0,2,1,1,True
4690,0,1,1,1,2,False
11686,2,0,1,2,2,True
4075,1,0,1,2,2,True
2499,1,1,2,1,1,True
5871,2,0,2,1,1,True
10802,0,0,0,0,0,True
1356,1,0,2,1,1,True
537,1,1,2,1,1,True
3992,2,1,0,0,0,True
7425,0,1,2,2,1,False
11416,2,0,1,2,2,True
11397,2,0,2,1,1,True
2334,2,1,2,1,1,True
10189,0,0,1,2,2,True
12211,1,0,1,2,2,True
9702,0,0,2,1,1,True
12421,0,0,1,2,2,True
10425,2,0,2,1,1,True
8262,0,0,2,1,1,True
5138,1,0,0,0,0,True
8416,0,1,1,2,2,True
11743,1,0,1,2,2,True
341,1,1,0,0,0,True
8094,2,1,2,2,1,False
12727,0,0,1,2,2,True
9964,0,1,1,1,2,False
11489,2,0,0,0,0,True
6311,0,1,0,0,0,True
730,0,1,1,1,2,False
2154,2,1,2,1,1,True
3108,2,1,2,1,1,True
10251,0,1,2,1,1,True
10500,1,0,2,2,1,False
11089,0,0,1,2,2,True
2240,1,0,0,0,0,True
345,2,0,2,1,1,True
10444,2,0,1,2,2,True
3213,0,1,2,1,1,True
10357,1,0,1,2,2,True
12117,2,0,2,1,1,True
5795,1,1,0,0,0,True
9540,0,0,2,1,1,True
6437,0,1,0,0,0,True
7435,0,0,1,2,2,True
5852,0,0,0,0,0,True
11927,0,1,0,0,0,True
12346,1,1,1,2,2,True
6487,1,0,1,1,2,False
6719,2,0,0,0,0,True
9266,2,1,0,0,0,True
2890,0,1,1,1,2,False
11943,0,1,2,2,1,False
9898,1,1,1,2,2,True
5483,0,1,0,0,0,True
1496,0,0,0,0,0,True
9731,0,1,0,0,0,True
1174,2,0,1,1,2,False
5051,0,1,0,0,0,True
2005,1,0,1,1,2,False
5318,1,0,0,0,0,True
11292,1,0,2,2,1,False
9503,1,1,0,0,0,True
5524,1,1,1,1,2,False
10424,0,0,0,0,0,True
11728,0,1,1,2,2,True
7377,1,1,2,2,1,False
5255,1,1,0,0,0,True
8954,1,0,0,0,0,True
7008,1,0,2,2,1,False
8521,1,0,1,2,2,True
3225,2,0,2,1,1,True
2930,2,1,0,0,0,True
6507,0,1,2,1,1,True
7775,1,1,0,0,0,True
6842,0,0,0,0,0,True
6826,2,0,1,2,2,True
7349,2,0,0,0,0,True
1263,2,0,2,1,1,True
11322,0,0,2,2,1,False
11192,2,1,0,0,0,True
7367,2,0,0,0,0,True
10350,0,0,2,1,1,True
5183,1,1,0,0,0,True
9016,1,1,1,2,2,True
472,2,0,1,1,2,False
3797,1,1,0,0,0,True
10224,0,0,2,1,1,True
3313,0,0,1,2,2,True
1149,1,1,2,1,1,True
940,2,0,1,1,2,False
8601,1,1,2,2,1,False
6159,2,0,2,1,1,True
1534,2,0,1,1,2,False
10072,0,1,1,2,2,True
7713,0,1,2,2,1,False
2121,1,1,2,1,1,True
6504,1,0,2,1,1,True
2297,0,1,0,0,0,True
7926,1,0,2,2,1,False
5647,2,1,1,1,2,False
3405,2,0,2,1,1,True
1249,1,0,1,1,2,False
1867,2,1,1,1,2,False
3891,2,0,2,1,1,True
5444,1,0,0,0,0,True
6288,1,0,2,1,1,True
12379,2,1,1,2,2,True
129,2,0,2,1,1,True
7564,2,0,1,2,2,True
2413,0,0,1,1,2,False
2461,2,1,1,1,2,False
5968,0,1,1,1,2,False
9278,1,0,0,0,0,True
12746,0,0,0,0,0,True
5092,1,1,1,1,2,False
4619,0,1,0,0,0,True
6546,2,1,2,1,1,True
2705,2,0,0,0,0,True
7383,2,0,2,2,1,False
249,1,1,2,1,1,True
3819,2,0,2,2,1,False
3246,1,0,2,1,1,True
1497,2,0,2,1,1,True
9726,1,0,2,1,1,True
8627,2,0,0,0,0,True
3442,2,0,1,2,2,True
566,1,0,0,0,0,True
764,1,0,0,0,0,True
193,2,1,1,1,2,False
9194,2,1,0,0,0,True
11103,1,1,2,2,1,False
631,0,0,1,1,2,False
51,1,1,2,1,1,True
5512,2,0,1,1,2,False
11444,2,1,0,0,0,True
6181,1,0,1,2,2,True
1020,2,1,2,1,1,True
6019,1,0,1,1,2,False
6922,0,1,1,2,2,True
8724,2,1,2,1,1,True
4894,1,1,1,1,2,False
390,2,1,2,1,1,True
3299,2,0,0,0,0,True
1895,2,0,0,0,0,True
9159,1,1,2,2,1,False
2605,2,1,1,1,2,False
7160,2,1,0,0,0,True
2618,1,0,0,0,0,True
4031,1,1,0,0,0,True
8183,0,1,0,0,0,True
4568,2,1,0,0,0,True
8840,0,0,0,0,0,True
7421,2,0,0,0,0,True
5690,0,0,0,0,0,True
2715,1,1,2,2,1,False
1727,1,1,0,0,0,True
6406,1,1,1,2,2,True
1061,1,1,0,0,0,True
8110,0,1,1,2,2,True
7140,2,1,2,1,1,True
10779,1,1,2,2,1,False
4574,0,0,0,0,0,True
1316,0,0,0,0,0,True
2610,0,0,2,1,1,True
2157,1,1,2,1,1,True
9061,1,0,1,2,2,True
10064,0,0,0,0,0,True
6533,1,1,0,0,0,True
10018,0,1,1,2,2,True
10133,1,1,0,0,0,True
11570,2,1,0,0,0,True
6049,0,0,1,1,2,False
9779,2,0,0,0,0,True
7811,1,1,0,0,0,True
1954,0,1,1,1,2,False
10145,0,1,0,0,0,True
7027,1,0,1,2,2,True
12520,0,1,1,2,2,True
7920,0,0,2,2,1,False
11116,0,1,1,2,2,True
5726,0,0,0,0,0,True
4722,1,0,2,1,1,True
5260,2,0,1,1,2,False
7363,0,0,1,2,2,True
5171,2,0,0,0,0,True
10842,1,0,2,2,1,False
3611,0,1,0,0,0,True
7893,0,1,2,2,1,False
12209,2,0,0,0,0,True
9076,2,0,1,1,2,False
9694,0,1,1,2,2,True
4070,0,0,0,0,0,True
4956,1,0,2,1,1,True
8660,0,0,0,0,0,True
8203,2,1,1,2,2,True
8734,2,0,1,2,2,True
9990,0,0,2,1,1,True
9090,0,0,2,1,1,True
9462,2,1,2,1,1,True
8614,0,1,1,2,2,True
240,1,0,2,1,1,True
9298,0,1,1,2,2,True
11955,2,0,2,2,1,False
713,0,1,0,0,0,True
11002,2,0,1,2,2,True
3620,0,0,0,0,0,True
3194,1,0,0,0,0,True
10168,1,1,1,2,2,True
9083,0,1,0,0,0,True
6027,1,1,2,1,1,True
4556,0,0,0,0,0,True
2097,0,1,2,1,1,True
11129,2,0,0,0,0,True
11598,1,0,2,2,1,False
11394,0,0,2,1,1,True
8880,1,0,2,1,1,True
538,1,1,1,1,2,False
12764,0,0,0,0,0,True
3639,2,0,2,2,1,False
446,2,1,0,0,0,True
2130,1,0,2,1,1,True
996,1,0,2,1,1,True
3303,0,1,2,1,1,True
652,2,0,1,1,2,False
1370,0,0,0,0,0,True
9708,1,0,2,2,1,False
5348,0,0,0,0,0,True
6013,0,0,1,1,2,False
6680,0,0,0,0,0,True
12883,2,1,1,2,2,True
9839,0,1,0,0,0,True
12409,1,0,1,2,2,True
12803,2,0,0,0,0,True
5452,1,1,1,1,2,False
6473,0,1,0,0,0,True
12590,1,0,0,0,0,True
830,0,0,0,0,0,True
6984,0,0,2,1,1,True
640,0,1,1,1,2,False
10215,0,1,2,1,1,True
1718,1,0,0,0,0,True
3074,2,1,0,0,0,True
9321,1,1,2,2,1,False
9088,1,1,1,1,2,False
6151,2,1,1,2,2,True
5042,0,0,0,0,0,True
12942,0,0,2,2,1,False
4630,2,0,1,1,2,False
6057,0,1,2,1,1,True
8702,1,0,0,0,0,True
11711,0,1,0,0,0,True
7003,0,0,1,2,2,True
7030,0,1,1,2,2,True
10221,1,1,2,2,1,False
5160,2,1,2,1,1,True
4295,0,1,0,0,0,True
12623,2,0,0,0,0,True
7001,1,1,0,0,0,True
12220,1,1,1,2,2,True
2408,2,1,0,0,0,True
9265,2,1,1,2,2,True
8613,0,1,2,2,1,False
12339,0,1,2,1,1,True
9973,0,0,1,2,2,True
3724,1,1,1,2,2,True
5569,1,0,1,1,2,False
9608,2,1,0,0,0,True
1395,0,1,2,1,1,True
1942,1,1,1,1,2,False
2729,0,1,0,0,0,True
11473,1,0,1,2,2,True
10127,0,1,0,0,0,True
4561,1,0,1,1,2,False
1540,0,1,1,1,2,False
4036,2,0,1,2,2,True
11409,1,1,2,2,1,False
6621,1,1,2,2,1,False
4659,1,1,2,1,1,True
1300,2,0,1,1,2,False
2161,0,0,1,1,2,False
10883,0,1,0,0,0,True
9587,0,1,0,0,0,True
7012,0,1,1,2,2,True
6037,1,0,1,1,2,False
10892,0,0,0,0,0,True
5680,0,1,1,1,2,False
8491,2,1,1,2,2,True
5960,0,0,0,0,0,True
3286,0,1,1,2,2,True
4921,1,0,1,1,2,False
10963,0,0,1,2,2,True
2964,2,1,2,1,1,True
6827,2,0,0,0,0,True
6218,1,0,0,0,0,True
6073,1,0,1,1,2,False
2307,2,0,2,1,1,True
3193,1,0,1,1,2,False
10109,0,1,0,0,0,True
11384,1,0,0,0,0,True
2205,0,1,2,1,1,True
2786,2,1,0,0,0,True
5440,2,0,1,1,2,False
3018,2,1,2,1,1,True
4302,0,0,2,2,1,False
10399,2,1,1,2,2,True
5335,1,0,1,1,2,False
1939,2,1,1,1,2,False
284,2,1,0,0,0,True
7539,1,1,2,2,1,False
8952,1,0,2,2,1,False
9003,2,0,2,1,1,True
620,1,0,0,0,0,True
4035,2,0,2,2,1,False
7837,1,0,1,2,2,True
10033,1,0,1,2,2,True
12399,1,1,2,2,1,False
11778,1,0,2,2,1,False
1002,2,1,2,1,1,True
8125,1,0,1,2,2,True
10905,1,1,2,2,1,False
11361,2,0,2,2,1,False
8025,1,1,2,2,1,False
3738,2,1,2,1,1,True
10575,0,1,2,2,1,False
12465,0,1,2,2,1,False
947,0,1,0,0,0,True
9742,2,0,1,1,2,False
8712,0,0,2,1,1,True
9627,1,1,2,2,1,False
10514,0,0,0,0,0,True
1442,0,0,0,0,0,True
4182,1,0,2,2,1,False
11465,1,1,0,0,0,True
9721,0,0,1,1,2,False
3769,1,0,1,2,2,True
204,1,0,2,1,1,True
4682,0,0,0,0,0,True
5273,1,1,0,0,0,True
12748,2,0,1,2,2,True
6404,2,1,0,0,0,True
11174,2,1,0,0,0,True
4087,0,0,1,2,2,True
10111,2,1,1,2,2,True
7595,1,1,0,0,0,True
6676,1,1,1,2,2,True
1525,2,1,1,1,2,False
4765,2,1,1,1,2,False
4766,2,1,0,0,0,True
9190,0,1,1,2,2,True
10355,2,0,0,0,0,True
8552,0,0,0,0,0,True
5386,2,0,1,1,2,False
3127,2,1,1,2,2,True
5378,2,1,0,0,0,True
10264,2,0,1,1,2,False
1328,2,1,0,0,0,True
8819,1,1,0,0,0,True
4705,1,0,1,1,2,False
9398,0,0,0,0,0,True
988,1,1,1,1,2,False
2539,0,0,1,1,2,False
7782,1,0,2,1,1,True
12741,1,1,2,2,1,False
1903,2,1,1,1,2,False
6387,1,1,2,2,1,False
9446,2,1,0,0,0,True
7077,2,0,2,1,1,True
9751,2,1,1,1,2,False
1560,2,1,2,1,1,True
114,1,0,2,1,1,True
6443,1,1,0,0,0,True
11170,0,1,1,2,2,True
2681,1,1,0,0,0,True
4978,0,1,1,1,2,False
11526,1,0,2,2,1,False
4658,2,1,0,0,0,True
5387,2,0,0,0,0,True
7983,0,1,2,2,1,False
2340,0,0,2,1,1,True
6979,2,1,1,2,2,True
5996,0,0,0,0,0,True
4919,2,0,0,0,0,True
1805,2,0,0,0,0,True
2570,2,1,0,0,0,True
1192,2,0,1,1,2,False
6030,0,0,2,1,1,True
4639,2,1,1,1,2,False
8756,1,0,0,0,0,True
6886,0,1,1,2,2,True
6991,1,0,1,2,2,True
6920,1,0,0,0,0,True
4814,1,0,0,0,0,True
10175,2,0,0,0,0,True
10618,1,1,1,2,2,True
8623,0,0,1,2,2,True
9454,2,0,1,1,2,False
1522,0,1,1,1,2,False
1556,1,0,0,0,0,True
12390,1,0,2,2,1,False
6916,2,0,1,1,2,False
458,1,0,0,0,0,True
5669,1,1,0,0,0,True
8330,2,1,0,0,0,True
4025,0,1,0,0,0,True
5384,0,0,0,0,0,True
2831,2,0,0,0,0,True
1626,1,0,2,1,1,True
3513,2,0,2,1,1,True
11766,2,1,2,2,1,False
12915,0,1,2,2,1,False
5861,0,1,0,0,0,True
12807,0,1,2,2,1,False
12680,1,0,0,0,0,True
9924,1,0,2,2,1,False
7503,1,1,2,2,1,False
2129,2,0,0,0,0,True
12531,2,0,2,1,1,True
910,0,1,1,1,2,False
2220,1,0,2,1,1,True
7044,1,0,2,2,1,False
8263,0,0,1,2,2,True
2864,0,0,0,0,0,True
5915,0,1,0,0,0,True
5653,0,0,1,1,2,False
9389,0,1,0,0,0,True
1492,1,1,1,1,2,False
1547,1,1,0,0,0,True
4679,1,1,0,0,0,True
9370,0,1,1,2,2,True
892,0,1,1,1,2,False
3367,0,0,1,2,2,True
11127,2,0,2,1,1,True
6653,0,1,0,0,0,True
9800,1,0,0,0,0,True
5700,2,1,2,1,1,True
3974,2,1,0,0,0,True
372,2,1,2,1,1,True
1851,1,1,2,1,1,True
1406,0,0,0,0,0,True
1725,1,1,2,1,1,True
4296,2,1,2,2,1,False
4618,0,1,1,1,2,False
10788,1,0,2,2,1,False
1199,0,1,0,0,0,True
11048,2,1,0,0,0,True
93,2,0,2,1,1,True
5698,0,1,1,1,2,False
1814,2,1,0,0,0,True
9443,0,1,0,0,0,True
8307,0,1,2,2,1,False
3463,1,0,1,1,2,False
333,0,1,2,1,1,True
12862,0,1,1,2,2,True
12425,2,0,0,0,0,True
5850,0,0,2,1,1,True
53,1,1,0,0,0,True
8006,2,1,0,0,0,True
11892,2,1,2,2,1,False
2738,0,0,0,0,0,True
3408,1,0,2,1,1,True
360,0,0,2,1,1,True
4907,0,1,0,0,0,True
2533,2,1,1,1,2,False
3449,0,1,0,0,0,True
6257,0,1,0,0,0,True
5715,0,1,2,1,1,True
9615,2,0,2,1,1,True
9657,0,1,2,1,1,True
8528,2,1,0,0,0,True
7314,1,0,2,2,1,False
8898,1,0,2,2,1,False
11593,0,0,1,2,2,True
1896,1,0,2,1,1,True
6865,1,0,1,1,2,False
8377,1,0,1,2,2,True
3266,1,0,0,0,0,True
10368,0,0,2,1,1,True
4856,2,1,0,0,0,True
6242,2,1,0,0,0,True
1471,2,1,1,1,2,False
10482,1,0,2,2,1,False
105,1,1,2,1,1,True
10087,1,0,1,2,2,True
1798,1,1,1,1,2,False
2431,0,0,1,1,2,False
5324,2,1,0,0,0,True
4923,0,1,2,1,1,True
6927,1,1,2,2,1,False
1133,1,1,0,0,0,True
4961,0,1,0,0,0,True
10478,0,0,0,0,0,True
6391,0,0,1,2,2,True
7631,1,1,0,0,0,True
8704,0,1,1,1,2,False
10446,1,0,2,2,1,False
10311,1,1,2,2,1,False
6753,2,0,2,1,1,True
12575,0,1,0,0,0,True
3549,2,0,2,2,1,False
6815,0,1,0,0,0,True
9027,0,1,2,1,1,True
6742,0,1,1,2,2,True
12617,1,1,0,0,0,True
9349,1,0,1,1,2,False
6812,1,0,0,0,0,True
7743,2,0,2,2,1,False
3077,1,1,0,0,0,True
10333,0,0,1,2,2,True
10761,1,1,2,2,1,False
2515,2,1,1,1,2,False
2542,2,0,1,1,2,False
4740,1,0,2,1,1,True
3152,0,0,0,0,0,True
11696,2,1,0,0,0,True
7288,1,1,1,2,2,True
986,2,1,0,0,0,True
1886,2,1,0,0,0,True
2204,1,0,0,0,0,True
1048,2,0,1,1,2,False
7787,0,1,0,0,0,True
9790,1,1,1,1,2,False
1643,2,0,0,0,0,True
10720,0,1,1,2,2,True
519,1,1,2,1,1,True
9000,0,0,2,1,1,True
4042,0,1,1,2,2,True
1607,2,0,0,0,0,True
6290,1,0,0,0,0,True
12481,1,0,1,2,2,True
8436,2,1,2,2,1,False
954,0,0,2,1,1,True
4096,0,1,1,2,2,True
3646,0,1,1,2,2,True
7479,0,1,2,2,1,False
9065,0,1,0,0,0,True
10873,0,0,1,2,2,True
10840,2,0,1,2,2,True
2393,1,1,0,0,0,True
6660,0,0,2,1,1,True
2807,1,1,0,0,0,True
2196,0,0,2,1,1,True
5030,1,0,0,0,0,True
2940,1,0,2,2,1,False
12156,1,0,2,2,1,False
5689,0,0,1,1,2,False
8761,2,1,1,2,2,True
8609,2,0,0,0,0,True
2653,1,0,1,1,2,False
9213,1,1,2,2,1,False
8018,1,0,0,0,0,True
3330,0,0,2,1,1,True
2428,1,1,1,1,2,False
10048,2,0,1,1,2,False
10295,1,1,0,0,0,True
5738,2,1,0,0,0,True
7943,2,0,0,0,0,True
8787,2,0,2,1,1,True
5993,1,1,0,0,0,True
5290,1,1,1,1,2,False
1219,2,1,1,1,2,False
4521,2,0,2,1,1,True
5892,1,0,2,1,1,True
12593,0,1,0,0,0,True
8111,0,1,0,0,0,True
3277,0,0,1,2,2,True
9196,1,1,1,2,2,True
6088,2,0,1,1,2,False
8168,2,1,0,0,0,True
2446,1,1,1,1,2,False
10918,0,1,1,2,2,True
1617,1,1,2,1,1,True
3236,2,1,0,0,0,True
7769,0,1,0,0,0,True
4681,0,0,1,1,2,False
2806,1,1,1,2,2,True
1392,1,0,2,1,1,True
12731,2,0,0,0,0,True
1337,2,0,0,0,0,True
8666,1,0,0,0,0,True
2710,0,1,1,2,2,True
4330,0,1,1,1,2,False
10042,1,1,1,2,2,True
5109,1,1,2,1,1,True
11193,1,1,2,2,1,False
9879,1,1,2,2,1,False
9222,1,0,2,2,1,False
1622,0,0,0,0,0,True
7643,0,1,0,0,0,True
7294,2,0,1,2,2,True
1226,0,0,0,0,0,True
5757,1,1,2,1,1,True
7746,1,0,2,2,1,False
5948,1,0,0,0,0,True
4868,1,0,0,0,0,True
5540,2,1,0,0,0,True
7933,2,1,1,2,2,True
8089,1,0,1,2,2,True
5873,2,0,0,0,0,True
4226,2,1,0,0,0,True
601,1,0,1,1,2,False
10102,2,0,1,1,2,False
461,0,1,0,0,0,True
7085,0,1,0,0,0,True
11131,1,0,1,2,2,True
12621,2,0,2,2,1,False
5787,0,1,2,1,1,True
11506,2,0,1,2,2,True
2899,0,0,1,2,2,True
12433,2,1,1,2,2,True
10757,0,1,0,0,0,True
7120,0,1,1,2,2,True
12438,0,0,2,2,1,False
9740,0,0,0,0,0,True
12763,0,0,1,2,2,True
2640,2,1,2,1,1,True
8454,2,1,2,2,1,False
11355,1,1,2,2,1,False
5293,0,0,1,1,2,False
3419,1,1,0,0,0,True
797,2,0,0,0,0,True
6759,0,1,2,1,1,True
12013,1,0,1,2,2,True
11625,1,1,2,2,1,False
11364,1,0,2,2,1,False
12595,2,1,1,2,2,True
7009,1,0,1,2,2,True
5556,2,1,2,1,1,True
2986,1,1,1,2,2,True
2524,2,0,1,1,2,False
11379,2,0,2,2,1,False
9798,1,0,2,1,1,True
2465,1,1,0,0,0,True
8987,2,0,0,0,0,True
10817,1,1,0,0,0,True
6656,2,1,0,0,0,True
8105,2,0,0,0,0,True
6156,0,0,2,1,1,True
2637,0,1,2,1,1,True
12922,1,1,1,2,2,True
12664,0,1,1,2,2,True
4927,2,1,1,1,2,False
8010,0,0,2,1,1,True
3584,0,0,0,0,0,True
11755,0,0,1,2,2,True
12889,0,0,1,2,2,True
2497,2,1,1,1,2,False
10428,1,0,2,2,1,False
6526,0,1,1,2,2,True
10276,1,1,1,2,2,True
11825,1,1,0,0,0,True
2536,1,1,1,1,2,False
4694,2,1,0,0,0,True
990,0,0,2,1,1,True
8782,1,1,1,2,2,True
10465,1,0,1,2,2,True
1846,0,1,1,1,2,False
3212,1,0,0,0,0,True
5944,2,0,1,1,2,False
7945,1,0,1,2,2,True
549,0,1,2,1,1,True
4938,1,0,2,1,1,True
9809,1,1,0,0,0,True
6246,0,0,2,1,1,True
6902,1,0,0,0,0,True
12435,1,1,2,2,1,False
7196,2,1,0,0,0,True
4998,2,1,2,1,1,True
12813,1,1,2,2,1,False
9945,0,1,2,1,1,True
10637,1,1,0,0,0,True
2975,2,0,0,0,0,True
174,2,1,2,1,1,True
7264,0,1,1,2,2,True
3748,2,0,1,2,2,True
9002,0,0,0,0,0,True
10285,1,0,1,2,2,True
2140,1,1,1,1,2,False
11757,2,0,2,2,1,False
2826,0,0,2,1,1,True
11390,2,1,0,0,0,True
7636,2,0,1,2,2,True
12530,0,0,0,0,0,True
7011,0,1,2,2,1,False
8903,0,1,0,0,0,True
1752,1,0,2,1,1,True
3072,2,1,2,1,1,True
11491,1,0,1,2,2,True
6796,0,1,1,2,2,True
772,1,1,1,1,2,False
4750,1,1,1,1,2,False
11358,0,0,2,2,1,False
2967,1,1,2,2,1,False
2780,1,0,0,0,0,True
10979,1,1,0,0,0,True
7984,0,1,1,2,2,True
822,2,1,2,1,1,True
8146,0,1,1,2,2,True
3219,1,1,2,2,1,False
10807,1,0,1,2,2,True
1198,0,1,1,1,2,False
46,0,1,1,1,2,False
7783,1,0,1,1,2,False
8955,0,1,2,1,1,True
4572,0,0,2,1,1,True
5527,0,0,1,1,2,False
3057,1,1,2,1,1,True
5679,0,1,2,1,1,True
12168,0,0,2,1,1,True
2578,2,0,1,1,2,False
5277,2,0,2,1,1,True
5830,1,1,1,1,2,False
480,2,1,2,1,1,True
12534,1,0,2,2,1,False
5745,2,0,2,1,1,True
8313,1,1,2,2,1,False
8717,2,0,0,0,0,True
12494,0,0,0,0,0,True
2549,0,1,0,0,0,True
10574,1,0,0,0,0,True
4222,0,1,1,2,2,True
5316,1,0,2,1,1,True
7406,1,0,0,0,0,True
12202,1,1,1,2,2,True
1167,1,1,2,1,1,True
10254,2,1,2,1,1,True
11873,0,1,0,0,0,True
5153,2,0,0,0,0,True
8099,1,1,0,0,0,True
3900,2,1,2,1,1,True
3092,2,1,0,0,0,True
9303,1,1,2,2,1,False
1558,0,1,1,1,2,False
10495,0,0,1,2,2,True
4501,0,0,1,1,2,False
768,2,1,2,1,1,True
6852,2,1,2,1,1,True
5567,2,0,0,0,0,True
3514,2,0,1,2,2,True
5332,2,0,1,1,2,False
5294,0,0,0,0,0,True
7897,2,1,1,2,2,True
668,0,0,0,0,0,True
9121,2,1,1,2,2,True
2989,0,0,1,2,2,True
5665,2,1,1,1,2,False
8630,1,0,0,0,0,True
3309,1,1,2,2,1,False
4057,1,0,1,2,2,True
11843,1,1,0,0,0,True
6583,2,1,1,2,2,True
2126,0,0,0,0,0,True
7823,0,1,0,0,0,True
6981,1,1,2,2,1,False
10232,1,0,0,0,0,True
824,2,1,0,0,0,True
9089,1,1,0,0,0,True
12959,1,1,0,0,0,True
6541,1,0,1,1,2,False
9670,2,0,1,1,2,False
12860,1,0,0,0,0,True
8087,2,0,0,0,0,True
5254,1,1,1,1,2,False
10250,1,0,0,0,0,True
447,1,1,2,1,1,True
1018,0,1,1,1,2,False
12386,0,0,0,0,0,True
5799,2,0,2,1,1,True
600,1,0,2,1,1,True
10716,1,0,2,2,1,False
7563,2,0,2,1,1,True
4676,2,1,0,0,0,True
10695,2,0,2,1,1,True
9547,1,0,1,1,2,False
1544,2,1,0,0,0,True
4706,1,0,0,0,0,True
7192,0,1,1,2,2,True
6954,1,0,2,2,1,False
2969,1,1,0,0,0,True
9551,0,1,0,0,0,True
8001,0,1,2,1,1,True
1587,2,0,2,1,1,True
411,1,1,2,1,1,True
1519,1,0,1,1,2,False
2875,2,1,1,1,2,False
6413,2,0,0,0,0,True
7524,0,0,2,2,1,False
3385,0,0,1,2,2,True
10403,1,1,0,0,0,True
3258,0,0,2,1,1,True
9734,2,1,0,0,0,True
2586,2,1,2,1,1,True
1822,2,0,1,1,2,False
9249,1,1,2,2,1,False
82,0,1,1,1,2,False
8776,0,1,1,2,2,True
12924,0,0,2,2,1,False
156,2,1,2,1,1,True
6078,2,1,2,1,1,True
11986,1,1,1,2,2,True
5714,1,0,0,0,0,True
8794,0,1,1,2,2,True
6539,2,0,0,0,0,True
3813,1,1,2,2,1,False
6018,1,0,2,1,1,True
866,0,0,0,0,0,True
9011,0,1,0,0,0,True
3623,2,0,0,0,0,True
760,2,0,1,1,2,False
479,0,1,0,0,0,True
7982,1,0,0,0,0,True
6167,0,1,0,0,0,True
12596,2,1,0,0,0,True
12447,0,1,2,2,1,False
12473,1,1,0,0,0,True
7307,1,1,0,0,0,True
4936,2,0,1,1,2,False
12234,2,1,2,2,1,False
4895,1,1,0,0,0,True
1375,1,0,1,1,2,False
5422,2,0,1,1,2,False
5629,2,1,1,1,2,False
7919,1,1,0,0,0,True
3996,0,0,2,1,1,True
7217,1,1,0,0,0,True
738,0,0,2,1,1,True
12912,1,0,2,2,1,False
8808,1,0,2,1,1,True
8583,1,1,2,2,1,False
9724,2,0,1,1,2,False
12019,2,1,1,2,2,True
5594,2,1,0,0,0,True
9660,2,1,2,1,1,True
7686,0,0,2,2,1,False
10519,1,0,1,2,2,True
12777,1,1,2,2,1,False
8042,2,1,0,0,0,True
12402,0,0,2,2,1,False
10546,1,1,1,2,2,True
5675,2,0,0,0,0,True
10863,0,1,2,2,1,False
11830,2,0,1,2,2,True
3470,2,1,0,0,0,True
8065,0,0,1,2,2,True
11053,0,0,1,2,2,True
2717,1,1,0,0,0,True
9982,0,1,1,2,2,True
9954,0,0,2,1,1,True
5862,2,1,2,1,1,True
11960,1,0,0,0,0,True
4136,2,1,0,0,0,True
6607,0,0,1,2,2,True
12587,2,0,0,0,0,True
7979,2,0,0,0,0,True
9060,1,0,2,2,1,False
10479,2,0,2,1,1,True
6453,0,1,2,1,1,True
10292,2,1,0,0,0,True
804,2,1,2,1,1,True
7646,2,1,0,0,0,True
1,0,0,1,1,2,False
11999,0,1,0,0,0,True
12155,2,0,0,0,0,True
11149,1,0,1,2,2,True
3616,1,1,1,2,2,True
5723,1,1,0,0,0,True
12086,1,0,0,0,0,True
2588,2,1,0,0,0,True
2912,2,1,0,0,0,True
10363,2,1,1,2,2,True
9518,2,1,0,0,0,True
11286,0,0,2,1,1,True
9550,0,1,1,1,2,False
3772,0,1,1,2,2,True
4732,1,1,1,1,2,False
2657,0,1,0,0,0,True
12145,2,1,1,2,2,True
4049,1,1,0,0,0,True
5052,2,1,2,1,1,True
6729,1,1,2,2,1,False
10077,1,1,2,2,1,False
12806,1,0,0,0,0,True
2651,2,0,0,0,0,True
8445,2,0,2,2,1,False
6188,2,1,0,0,0,True
3783,2,0,2,1,1,True
4744,0,1,1,1,2,False
7187,2,0,0,0,0,True
11484,0,0,2,2,1,False
8294,2,1,0,0,0,True
11815,1,0,1,2,2,True
9239,2,0,0,0,0,True
4632,1,0,2,1,1,True
12874,2,0,1,2,2,True
10353,2,0,2,1,1,True
8995,2,1,1,2,2,True
11255,2,0,0,0,0,True
2757,2,0,2,1,1,True
2167,1,0,1,1,2,False
4726,0,1,1,1,2,False
9778,2,0,1,1,2,False
248,2,1,0,0,0,True
3547,0,0,1,2,2,True
3585,2,0,2,2,1,False
12186,0,0,2,2,1,False
8342,1,0,0,0,0,True
5310,0,0,2,1,1,True
4725,0,1,2,1,1,True
1009,0,0,1,1,2,False
952,1,1,1,1,2,False
6154,1,1,1,2,2,True
56,0,0,0,0,0,True
23,2,0,0,0,0,True
8628,1,0,2,2,1,False
7518,2,1,2,2,1,False
2057,2,0,0,0,0,True
3685,2,1,1,2,2,True
8736,1,0,2,2,1,False
8531,1,1,0,0,0,True
6371,1,1,0,0,0,True
10864,0,1,1,2,2,True
10129,2,1,1,2,2,True
3233,0,1,0,0,0,True
8602,1,1,1,2,2,True
12842,1,0,0,0,0,True
10150,1,1,1,2,2,True
3866,2,1,0,0,0,True
11820,2,1,2,2,1,False
3054,2,1,2,1,1,True
3178,0,1,1,2,2,True
4435,1,0,1,1,2,False
8726,2,1,0,0,0,True
3896,1,0,0,0,0,True
10412,1,0,0,0,0,True
12043,0,0,1,2,2,True
861,1,1,2,1,1,True
12201,1,1,2,2,1,False
12069,0,1,2,2,1,False
2410,1,1,1,1,2,False
6135,1,1,2,1,1,True
8293,2,1,1,2,2,True
298,0,1,1,1,2,False
8626,2,0,1,2,2,True
8743,2,1,1,2,2,True
7635,2,0,2,2,1,False
2364,1,0,2,1,1,True
3720,2,1,2,2,1,False
6341,2,0,0,0,0,True
588,2,1,2,1,1,True
5178,2,1,2,1,1,True
7860,2,1,2,1,1,True
9242,1,0,0,0,0,True
10091,0,1,0,0,0,True
8421,1,1,2,2,1,False
8039,0,1,0,0,0,True
11069,1,1,0,0,0,True
12279,2,0,2,2,1,False
11908,0,1,1,2,2,True
7684,1,1,1,2,2,True
4786,1,1,1,1,2,False
745,1,0,1,1,2,False
9865,0,0,1,2,2,True
9563,2,0,0,0,0,True
11060,1,0,0,0,0,True
5299,1,0,1,1,2,False
635,2,0,0,0,0,True
12056,2,1,0,0,0,True
5221,0,0,1,1,2,False
7202,0,0,0,0,0,True
11065,2,1,1,2,2,True
2141,1,1,0,0,0,True
7018,1,1,1,2,2,True
3521,0,1,0,0,0,True
7420,2,0,1,2,2,True
11435,2,0,0,0,0,True
8845,1,0,1,2,2,True
7889,2,0,0,0,0,True
827,1,1,0,0,0,True
9146,0,0,0,0,0,True
862,1,1,1,1,2,False
9330,1,0,2,2,1,False
12031,1,0,1,2,2,True
5190,1,0,2,1,1,True
5306,2,1,0,0,0,True
10858,2,0,1,2,2,True
10679,2,0,0,0,0,True
2117,0,1,0,0,0,True
4292,1,0,0,0,0,True
5536,0,1,1,1,2,False
2458,0,1,1,1,2,False
9561,2,0,2,1,1,True
4372,1,1,1,1,2,False
5630,2,1,0,0,0,True
12809,0,1,0,0,0,True
7440,1,0,2,2,1,False
9103,2,1,1,1,2,False
10744,1,1,1,2,2,True
5309,1,1,0,0,0,True
1141,1,0,1,1,2,False
6519,2,0,2,1,1,True
12077,1,1,0,0,0,True
11583,0,1,2,2,1,False
12834,0,0,2,2,1,False
12049,1,0,1,2,2,True
1050,1,0,2,1,1,True
8458,1,1,1,2,2,True
6467,2,0,0,0,0,True
2693,0,1,0,0,0,True
969,1,1,2,1,1,True
5053,2,1,1,1,2,False
7042,2,0,1,2,2,True
9373,2,1,1,2,2,True
6320,0,0,0,0,0,True
2312,1,0,0,0,0,True
7918,1,1,1,2,2,True
3745,0,0,1,2,2,True
5883,1,1,2,1,1,True
6948,0,0,2,1,1,True
5461,1,0,1,1,2,False
3573,0,1,2,2,1,False
6152,2,1,0,0,0,True
5344,1,1,1,1,2,False
3811,2,1,1,2,2,True
5026,2,0,1,1,2,False
5182,1,1,1,1,2,False
6721,1,0,1,2,2,True
1270,0,1,1,1,2,False
7863,1,1,2,2,1,False
11228,2,1,0,0,0,True
10455,1,1,2,2,1,False
9024,1,0,2,1,1,True
8311,2,1,1,2,2,True
12553,1,0,1,2,2,True
11485,0,0,1,2,2,True
8080,1,1,1,2,2,True
7532,1,0,0,0,0,True
3793,2,1,1,2,2,True
7871,2,0,0,0,0,True
9279,0,1,2,1,1,True
1257,1,1,2,1,1,True
7763,2,0,0,0,0,True
11730,2,1,2,2,1,False
6779,0,1,0,0,0,True
8062,1,1,1,2,2,True
11132,1,0,0,0,0,True
8339,2,0,0,0,0,True
11510,1,0,0,0,0,True
4189,2,1,1,2,2,True
12292,1,1,1,2,2,True
7324,1,1,1,2,2,True
4962,2,1,2,1,1,True
10140,1,0,2,2,1,False
9458,1,0,0,0,0,True
1631,0,1,0,0,0,True
11040,1,0,2,2,1,False
5054,2,1,0,0,0,True
4321,0,0,1,1,2,False
3603,2,0,2,2,1,False
10124,1,0,0,0,0,True
9331,1,0,1,2,2,True
5354,1,0,0,0,0,True
8709,1,1,2,1,1,True
10704,2,1,2,2,1,False
3727,0,0,1,2,2,True
9380,0,0,0,0,0,True
9488,0,0,0,0,0,True
10324,0,1,1,2,2,True
5939,1,1,0,0,0,True
7219,0,0,1,2,2,True
9437,2,0,0,0,0,True
12160,0,1,1,2,2,True
7345,0,0,1,2,2,True
7559,1,1,0,0,0,True
9221,2,0,0,0,0,True
5935,2,1,1,1,2,False
10777,2,1,1,2,2,True
1600,1,1,1,1,2,False
6266,0,0,0,0,0,True
5177,0,1,0,0,0,True
2357,1,1,0,0,0,True
3243,2,0,2,1,1,True
11807,1,1,0,0,0,True
9705,2,0,2,1,1,True
3063,2,0,2,1,1,True
636,1,0,2,1,1,True
1641,2,0,2,1,1,True
10545,1,1,2,2,1,False
11915,1,1,0,0,0,True
9867,2,0,2,1,1,True
4555,0,0,1,1,2,False
466,1,1,1,1,2,False
6147,0,1,2,1,1,True
6669,0,1,2,1,1,True
5197,2,1,1,1,2,False
5579,1,1,0,0,0,True
478,0,1,1,1,2,False
681,1,1,2,1,1,True
10430,1,0,0,0,0,True
4997,0,1,0,0,0,True
4233,2,0,2,2,1,False
305,1,1,0,0,0,True
2587,2,1,1,1,2,False
7892,1,0,0,0,0,True
8855,1,1,0,0,0,True
4892,2,1,0,0,0,True
11399,2,0,0,0,0,True
9927,0,1,2,1,1,True
12799,0,0,1,2,2,True
9140,2,1,0,0,0,True
2276,1,0,0,0,0,True
12505,2,1,1,2,2,True
2332,0,1,1,1,2,False
10533,2,0,2,1,1,True
3364,1,1,1,2,2,True
1189,0,0,1,1,2,False
1823,2,0,0,0,0,True
11951,1,1,0,0,0,True
6713,1,1,0,0,0,True
9388,0,1,1,2,2,True
2147,2,0,0,0,0,True
3292,1,1,1,2,2,True
3062,0,0,0,0,0,True
757,0,0,1,1,2,False
12790,0,1,1,2,2,True
11052,0,0,2,2,1,False
8468,1,0,0,0,0,True
10248,1,0,2,2,1,False
12212,1,0,0,0,0,True
7790,2,1,0,0,0,True
2504,0,0,0,0,0,True
8694,0,0,2,1,1,True
5622,1,0,2,1,1,True
6139,0,0,1,2,2,True
8826,1,0,2,2,1,False
12466,0,1,1,2,2,True
5938,1,1,1,1,2,False
9913,2,1,1,2,2,True
8292,2,1,2,2,1,False
7838,1,0,0,0,0,True
1591,1,0,1,1,2,False
2654,1,0,0,0,0,True
8007,1,1,2,2,1,False
7082,1,0,0,0,0,True
9941,2,0,0,0,0,True
11123,1,1,0,0,0,True
11318,2,1,0,0,0,True
6809,2,0,0,0,0,True
2642,2,1,0,0,0,True
3111,1,1,2,2,1,False
6506,1,0,0,0,0,True
7069,2,1,1,2,2,True
9525,2,0,2,1,1,True
6728,2,1,0,0,0,True
2232,0,0,2,1,1,True
11577,2,0,2,2,1,False
1374,1,0,2,1,1,True
1042,1,1,1,1,2,False
4082,2,1,0,0,0,True
10265,2,0,0,0,0,True
4244,2,1,0,0,0,True
6540,1,0,2,1,1,True
8906,2,1,0,0,0,True
1872,0,0,2,1,1,True
6853,2,1,1,2,2,True
11685,2,0,2,1,1,True
2648,0,0,0,0,0,True
8539,1,0,1,2,2,True
9426,2,1,2,1,1,True
2514,2,1,2,1,1,True
4889,0,1,0,0,0,True
6816,2,1,2,1,1,True
2794,2,0,1,2,2,True
5816,0,0,0,0,0,True
3493,0,0,1,2,2,True
1160,1,0,0,0,0,True
1256,2,1,0,0,0,True
3278,0,0,0,0,0,True
2113,1,0,1,1,2,False
9750,2,1,2,1,1,True
1129,2,1,1,1,2,False
7191,0,1,2,1,1,True
10661,2,0,0,0,0,True
12453,1,1,2,2,1,False
6993,0,1,2,1,1,True
4354,1,1,1,1,2,False
118,0,1,1,1,2,False
2432,0,0,0,0,0,True
10407,2,0,2,1,1,True
6784,1,1,1,2,2,True
4002,1,0,2,2,1,False
1142,1,0,0,0,0,True
4169,0,1,0,0,0,True
1724,2,1,0,0,0,True
3256,1,1,1,2,2,True
4790,0,0,0,0,0,True
3662,1,0,0,0,0,True
12579,1,1,2,2,1,False
3668,2,1,0,0,0,True
4853,0,1,0,0,0,True
12774,2,1,2,2,1,False
5,2,0,0,0,0,True
9628,1,1,1,2,2,True
2485,0,0,1,1,2,False
10649,0,1,0,0,0,True
3224,0,0,0,0,0,True
2762,1,0,0,0,0,True
493,1,0,1,1,2,False
3887,1,1,0,0,0,True
7130,0,0,0,0,0,True
12142,0,1,1,2,2,True
2506,2,0,1,1,2,False
10925,1,1,0,0,0,True
109,0,0,1,1,2,False
11386,0,1,1,2,2,True
8284,2,0,1,2,2,True
3686,2,1,0,0,0,True
314,1,0,0,0,0,True
1401,1,1,2,1,1,True
5969,0,1,0,0,0,True
3133,0,0,1,1,2,False
9207,0,1,2,1,1,True
3983,2,0,0,0,0,True
7736,2,1,0,0,0,True
9136,0,1,1,2,2,True
10620,0,0,2,2,1,False
4015,0,0,1,2,2,True
11643,1,1,2,2,1,False
467,1,1,0,0,0,True
8701,1,0,1,1,2,False
2444,2,1,0,0,0,True
8598,2,1,2,2,1,False
10735,1,0,1,2,2,True
774,0,0,2,1,1,True
5709,2,0,2,1,1,True
11712,2,1,2,2,1,False
457,1,0,1,1,2,False
6847,1,0,1,2,2,True
10714,2,0,1,2,2,True
6999,1,1,2,2,1,False
3275,1,1,0,0,0,True
12750,1,0,2,2,1,False
8124,1,0,2,2,1,False
8924,2,1,0,0,0,True
7417,0,0,1,2,2,True
3263,2,0,0,0,0,True
2519,1,1,0,0,0,True
12204,0,0,2,1,1,True
9430,1,1,1,2,2,True
1653,1,1,2,1,1,True
6130,0,1,1,1,2,False
1218,2,1,2,1,1,True
11027,0,1,0,0,0,True
1532,0,0,0,0,0,True
7419,2,0,2,2,1,False
6418,0,1,1,2,2,True
4660,1,1,1,1,2,False
6570,0,0,2,1,1,True
10646,1,0,0,0,0,True
8915,2,0,0,0,0,True
7070,2,1,0,0,0,True
11958,1,0,2,2,1,False
693,0,1,2,1,1,True
8424,0,0,2,1,1,True
10658,0,0,0,0,0,True
2358,0,0,2,1,1,True
8392,2,0,1,2,2,True
7152,1,0,2,2,1,False
153,0,1,2,1,1,True
3235,2,1,1,2,2,True
5227,1,0,1,1,2,False
10262,0,0,0,0,0,True
840,2,1,2,1,1,True
4152,2,1,2,2,1,False
2529,0,1,2,1,1,True
4420,0,1,1,1,2,False
523,0,0,1,1,2,False
9689,2,0,0,0,0,True
11851,1,0,1,2,2,True
9328,2,0,1,2,2,True
8258,2,1,0,0,0,True
5908,2,0,1,1,2,False
3949,1,0,1,2,2,True
9562,2,0,1,1,2,False
12951,0,1,2,2,1,False
621,0,1,2,1,1,True
2079,0,1,2,1,1,True
8930,0,0,0,0,0,True
12931,1,0,1,2,2,True
12173,2,0,0,0,0,True
1708,1,1,1,1,2,False
3196,0,1,1,2,2,True
7248,2,1,2,2,1,False
3526,1,1,1,2,2,True
6359,2,0,0,0,0,True
5744,0,0,0,0,0,True
99,0,1,2,1,1,True
7443,0,1,2,2,1,False
2958,1,0,2,2,1,False
9637,1,0,1,2,2,True
3950,1,0,0,0,0,True
10388,0,0,0,0,0,True
11618,1,0,0,0,0,True
3971,0,1,0,0,0,True
2853,0,1,2,1,1,True
9333,0,1,2,1,1,True
6122,0,0,0,0,0,True
7886,0,0,0,0,0,True
2078,1,0,0,0,0,True
4743,0,1,2,1,1,True
2021,2,0,0,0,0,True
8536,2,0,1,2,2,True
8112,2,1,2,2,1,False
10512,0,0,2,2,1,False
3730,2,0,1,2,2,True
8166,2,1,2,2,1,False
1255,2,1,1,1,2,False
11479,2,1,1,2,2,True
8615,0,1,0,0,0,True
12196,0,1,1,2,2,True
10130,2,1,0,0,0,True
9077,2,0,0,0,0,True
934,1,1,1,1,2,False
1624,2,0,1,1,2,False
3671,1,1,0,0,0,True
6996,2,1,2,1,1,True
9354,2,1,2,1,1,True
7922,0,0,0,0,0,True
1967,2,0,0,0,0,True
2482,1,1,1,1,2,False
7580,0,0,0,0,0,True
4129,1,0,1,2,2,True
6164,1,0,0,0,0,True
212,2,1,0,0,0,True
1231,1,0,1,1,2,False
2668,2,0,1,1,2,False
10488,2,1,2,2,1,False
9322,1,1,1,2,2,True
9299,0,1,0,0,0,True
1726,1,1,1,1,2,False
6708,2,1,2,1,1,True
4651,1,0,1,1,2,False
556,1,1,1,1,2,False
10137,2,0,2,1,1,True
3316,2,0,1,2,2,True
7531,1,0,1,2,2,True
7166,0,0,0,0,0,True
2423,0,1,0,0,0,True
6717,2,0,2,1,1,True
3790,0,1,1,2,2,True
649,0,0,1,1,2,False
10409,2,0,0,0,0,True
11445,1,1,2,2,1,False
3267,0,1,2,1,1,True
4058,1,0,0,0,0,True
2261,0,1,0,0,0,True
3564,0,0,2,1,1,True
10700,1,0,0,0,0,True
8005,2,1,1,2,2,True
5311,0,0,1,1,2,False
843,1,1,2,1,1,True
10452,2,1,2,1,1,True
2545,1,0,1,1,2,False
7822,0,1,1,2,2,True
1307,0,1,0,0,0,True
8932,2,0,1,1,2,False
6380,1,0,0,0,0,True
10899,0,1,2,2,1,False
2500,1,1,1,1,2,False
12604,2,0,1,2,2,True
11327,2,0,0,0,0,True
8047,0,0,1,2,2,True
1221,1,1,2,1,1,True
11531,0,1,0,0,0,True
4657,2,1,1,1,2,False
5113,0,0,1,1,2,False
8751,2,0,2,1,1,True
10179,0,1,2,1,1,True
12880,0,1,1,2,2,True
11380,2,0,1,2,2,True
4803,1,1,2,1,1,True
4094,1,0,0,0,0,True
623,0,1,0,0,0,True
9332,1,0,0,0,0,True
1964,0,0,0,0,0,True
4571,1,1,0,0,0,True
10351,0,0,1,2,2,True
1788,1,0,2,1,1,True
9053,1,1,0,0,0,True
9054,0,0,2,1,1,True
4487,2,0,0,0,0,True
12397,2,1,1,2,2,True
7289,1,1,0,0,0,True
60,1,0,2,1,1,True
1259,1,1,0,0,0,True
5404,2,0,1,1,2,False
9057,2,0,2,1,1,True
9832,2,0,1,1,2,False
831,2,0,2,1,1,True
11552,2,1,0,0,0,True
4439,0,1,0,0,0,True
1698,1,0,2,1,1,True
6381,0,1,2,1,1,True
4491,0,1,2,1,1,True
8700,1,0,2,1,1,True
7972,1,1,1,2,2,True
7957,0,0,1,2,2,True
2996,1,0,0,0,0,True
9753,1,1,2,1,1,True
11952,0,0,2,2,1,False
9069,1,1,2,2,1,False
1108,0,1,1,1,2,False
4861,0,0,1,1,2,False
3576,2,1,2,2,1,False
4195,0,0,1,2,2,True
12357,0,1,2,2,1,False
7384,2,0,1,2,2,True
6936,1,0,2,2,1,False
11828,0,0,0,0,0,True
9957,2,0,2,1,1,True
12130,1,1,1,2,2,True
8815,2,1,1,2,2,True
7390,0,1,1,2,2,True
4477,2,1,1,1,2,False
6449,2,0,0,0,0,True
11042,1,0,0,0,0,True
4609,0,0,1,1,2,False
11151,0,1,2,2,1,False
9172,0,1,1,2,2,True
12886,1,1,1,2,2,True
1469,0,1,0,0,0,True
1572,1,0,2,1,1,True
3906,0,0,2,1,1,True
8195,2,0,0,0,0,True
5572,0,1,1,1,2,False
12954,2,1,2,2,1,False
2620,0,1,1,1,2,False
100,0,1,1,1,2,False
6696,0,0,2,1,1,True
5721,1,1,2,1,1,True
377,1,1,0,0,0,True
8967,2,0,2,1,1,True
11498,2,1,0,0,0,True
6978,2,1,2,1,1,True
1704,2,1,2,1,1,True
8969,2,0,0,0,0,True
11264,2,1,0,0,0,True
965,0,1,0,0,0,True
11253,2,0,2,1,1,True
11111,2,0,0,0,0,True
1639,0,0,1,1,2,False
2070,0,0,2,1,1,True
5364,0,0,2,1,1,True
10059,1,1,2,2,1,False
6622,1,1,1,2,2,True
